ชื่อเขื่อน,ชื่อแสดง,ความจุ (ล้าน ลบ.ม.),ปริมาณน้ำ (ล้าน ลบ.ม.),ปริมาณน้ำ (%),วันที่ข้อมูล
บึงบอระเพ็ด,,,,,
หนองหาร,,,,,
เขื่อนกระเสียว,,299,126.5,42.31,2/10/2569
เขื่อนกิ่วคอหมา,,170,162.99,95.88,2/10/2569
เขื่อนกิ่วลม,,106,97.95,92.21,2/10/2569
เขื่อนขุนด่านปราการชล,,224,215.39,96.16,2/10/2569
เขื่อนคลองสียัด,,420,384.5,91.55,2/10/2569
เขื่อนจุฬาภรณ์,,164,125.53,76.54,2/10/2569
เขื่อนทับเสลา,,160,108.69,67.93,2/10/2569
เขื่อนนฤบดินทร์จินดา,,295,278.97,94.57,2/10/2569
เขื่อนน้ำพุง,,165,83.58,50.65,2/10/2569
เขื่อนน้ำอูน,,520,326.25,62.74,2/10/2569
เขื่อนบางพระ,,117,93.45,79.87,2/10/2569
เขื่อนบางลาง,,1454,748.34,51.45,2/10/2569
เขื่อนประแสร์,,295,301.38,102.16,2/10/2569
เขื่อนปราณบุรี,,391,320.08,81.86,2/10/2569
เขื่อนป่าสักชลสิทธิ์,,872,962.07,110.39,2/10/2569
เขื่อนภูมิพล,,13462,8973.54,66.66,2/10/2569
เขื่อนมูลบน,,141,79.74,56.55,2/10/2569
เขื่อนรัชชประภา,,5639,4176.16,74.06,2/10/2569
เขื่อนลำตะคอง,,314,227.85,72.45,2/10/2569
เขื่อนลำนางรอง,,121,58.71,48.36,2/10/2569
เขื่อนลำปาว,,1980,1208.82,61.05,2/10/2569
เขื่อนลำพระเพลิง,,155,126.35,81.52,2/10/2569
เขื่อนลำแซะ,,275,167.02,60.73,2/10/2569
เขื่อนวชิราลงกรณ,,8860,8760,98.87,2/10/2569
เขื่อนศรีนครินทร์,,17745,16816.64,94.77,2/10/2569
เขื่อนสิริกิติ์,,9510,7657.3,80.52,2/10/2569
เขื่อนสิรินธร,,1966,1801.09,91.61,2/10/2569
เขื่อนหนองปลาไหล,,164,157.4,96.12,2/10/2569
เขื่อนห้วยหลวง,,136,87.65,64.65,2/10/2569
เขื่อนอุบลรัตน์,,2431,1280.28,52.66,2/10/2569
เขื่อนแก่งกระจาน,,710,725.4,102.17,2/10/2569
เขื่อนแควน้อยบํารุงแดน,,939,705.5,75.13,2/10/2569
เขื่อนแม่กวงอุดมธารา,,263,185.67,70.6,2/10/2569
เขื่อนแม่งัดสมบูรณ์ชล,,265,247.07,93.23,2/10/2569
เขื่อนแม่จาง,,,,,
เขื่อนแม่มอก,,110,79.76,72.51,2/10/2569
